Question,Answer
The _ retained Shoreplan Engineering Limited to prepare detailed designs for Phase II of the Humber Bay Park East Major Maintenance Project.,Toronto and Region Conservation Authority (TRCA)
The primary stabilization solution involves the placement of _-tonne armour stones to enhance the existing revetment structures.,2.0-4.0
The _ model was used to estimate wave heights and energy distribution in the design of shoreline protection measures.,SWAN (Simulating WAves Nearshore)
The estimated total volume of additional armour stone required for Phase II is _ cubic meters.,"12,000"
The aquatic habitat enhancement component includes placing _-mm riprap along sections of the shoreline.,300-600
The construction access route will be established along the _ trail to minimize disruption to park users.,Waterfront
The estimated construction cost for Phase II is _.,"$5,500,000"
"Construction for Phase II is expected to begin in _, based on funding and approvals.",Late Spring 2023
The project is focused on reinforcing shoreline stability and reducing risks from _.,Erosion and wave action
"All construction activities will be conducted in compliance with the _, ensuring protection of the aquatic habitat.",Fisheries Act
