question,answer,alternative_answer,generated_answer
The _ conducted a geotechnical investigation at 21 Peacham Crescent to assess the existing soil conditions.,Soil Engineers Ltd.,Soil Engineers Ltd.,Soil Engineers Ltd.
The Toronto and Region Conservation Authority (TRCA) retained _ to provide engineering services for assessing slope stability and erosion risks.,Cole Engineering Group Ltd.,Cole Engineering Group Ltd.,Cole Engineering Group Ltd.
The study area is located within the _ watershed in the City of Toronto.,Humber River,Humber River,Humber River
"The July 8, _ storm event contributed significantly to the erosion and slope failures studied in this report.",2013,2013,2013
The slope failure at 21 Peacham Crescent has led to trees either falling or _ away from the slope.,Leaning,Leaning,leaning
"The geotechnical investigation at 21 Peacham Crescent included drilling _ borehole(s) at the top of the bank on April 28, 2014.",One (1),One (1),one
The 'Do Nothing' alternative for slope remediation is not desired because the _ crosses through the footprint of the existing building.,Long Term Stable Slope Crest (LTSSC),Long Term Stable Slope Crest (LTSSC),Long Term Stable Slope Crest (LTSSC)
The Mechanically Stabilized Earth (MSE) Wall alternative involves wrapping layers of _ with geogrid to stabilize the slope.,Stone,Stone,stone
The estimated cost for constructing a Gravity Retaining Wall as a remediation method at 21-25 Peacham Crescent is _.,"$435,000",435000,"435,000"
"According to the report, the _ alternative provides a natural aesthetic appeal, requires minimal disturbance, and is relatively low-cost.",Geoweb System,Geoweb System,Alternative 1
The _ conducted a geomorphic assessment for the Bercy Wycliffe Park Sanitary Infrastructure Protection Project.,Greck and Associates Limited,Greck and Associates Limited,TRCA
The Toronto and Region Conservation Authority (TRCA) collaborated with the _ to identify at-risk sanitary infrastructure along German Mills Creek.,Regional Municipality of York,Regional Municipality of York,Regional Municipality of York
The study area is located on _ between John Street and Steeles Avenue East.,German Mills Creek,German Mills Creek,German Mills Creek
The sanitary sewer in the project area is a _ diameter Class 2400 Asbestos-Cement Pipe.,750mm,750mm,750 mm
The Infrastructure Hazard Monitoring Program identified _ intersection sites and eleven proximity sites as being at risk.,Seven,7,seven
"A _ was used to assess channel stability and record evidence of aggradation, degradation, and widening.",Rapid Geomorphic Assessment (RGA),Rapid Geomorphic Assessment (RGA),Rapid Geomorphic Assessment (RGA)
The study identified that one of the major causes of infrastructure risk was continued _ along German Mills Creek.,Erosion,Erosion,erosion
The _ method was used to measure grain size distribution in alluvial materials along the creek.,Wolman Pebble Count,Wolman Pebble Count,modified Wolman
The pedestrian bridge providing access to Adventure Valley Day Camp was relocated between _ and _.,1983 and 1989,1983 and 1989,1983 and 1989.
"Reach 1 of German Mills Creek exhibits _ morphology, characterized by deep pools and riffles.",Pool-riffle,Pool-riffle,pool riffle
The _ is responsible for securing funding and reviewing project budgets for the Bercy Wycliffe Park Infrastructure Protection Project.,Moranne McDonnell,Moranne McDonnell,Authorized Manager
The emergency remedial action at Site _ was identified as the highest priority in the region and scheduled for July 2017.,P-531,P-531,P-531
The TRCA’s _ identified six high-priority sanitary infrastructure risk sites between John Street and Steeles Avenue in Markham.,Infrastructure Hazard Monitoring Program,Infrastructure Hazard Monitoring Program,Infrastructure Hazard Monitoring Program
The remedial bank stabilization works at Site 1 include a _ round stone revetment.,110 m,110 m,110 m
The implementation of Sites 2 and 3 works is anticipated for _.,Summer 2020,Summer 2020,Summer 2020
The Clean Water and Wastewater Fund (CWWF) contributed _ for implementation at Site 1 and studies at Sites 2 – 4.,"$450,000.00",450000.00,"450,000.00"
The project area covers a _ linear meter stretch of German Mills Creek running north-south between John Street and Steeles Avenue East.,1400,1400,1400
The bank behind the cribwall at Site 4 has a scour more than _ in length.,50m,50m,50 m
"The implementation of Site 4 is scheduled for _, pending available resources.",2019,2019,2019
The estimated cost for permits and approvals for this project is _.,"$3,300.00",3300.00,"38,300.00"
The _ is working in partnership with York Region to undertake sanitary infrastructure protection works at German Mills Settlers Park.,Toronto and Region Conservation Authority (TRCA),Toronto and Region Conservation Authority (TRCA),Toronto and Region Conservation Authority (TRCA)
The _ identified and monitored several at-risk sanitary sites along German Mills Creek since 2012.,Infrastructure Hazard Monitoring Program (IHMP),Infrastructure Hazard Monitoring Program (IHMP),TRCA Infrastructure Hazard Monitoring Program (IHMP)
A total of _ sites were ranked in terms of priority and are in the planning stages of sanitary infrastructure protection.,Seven,7,Five
The remedial bank stabilization works at Site 1 include a _ round stone revetment.,110 m,110 m,110 m
The implementation of Sites 2 and 3 works is anticipated for _.,Summer 2020,Summer 2020,summer 2020
The Clean Water and Wastewater Fund (CWWF) contributed _ for implementation at Site 1 and studies at Sites 2 – 4.,"$450,000.00",450000.00,"450,000.00"
The project area covers a _ linear meter stretch of German Mills Creek running north-south between John Street and Steeles Avenue East.,1400,1400,1400
The bank behind the cribwall at Site 4 has a scour more than _ in length.,50m,50m,50 m
"The implementation of Site 4 is scheduled for _, pending available resources.",2019,2019,2019
The estimated cost for permits and approvals for this project is _.,"$3,300.00",3300.00,"38,300.00"
"The consulting firm _ was retained to develop conceptual designs for slope stabilization behind 21, 23, and 25 Peacham Crescent.",Terraprobe Inc.,Terraprobe Inc.,Terraprobe Inc.
The study area consists of an approximately _-meter-long section of a valley slope associated with a tributary of Black Creek.,52,52,7
"Following the severe weather event on _, TRCA was informed about slumping and slope instability behind three residential properties.","July 8, 2013",2013/07/08,"July 8, 2013"
"The Long Term Stable Slope Crest (LTSSC) was estimated based on a Factor of Safety (FOS) of _, as requested by TRCA.",1.3,1.3,1.5
The _ option consists of leaving the slope in its current state without taking any remedial actions.,Do Nothing,Do Nothing,Do Nothing
"In the Cut-back and Revegetate option, the slope would be regraded to a stable inclination of _ H:1 V.",1.8,1.8,2.0 H:1 V
"The _ stabilization method involves constructing a vegetated slope system with reinforced fill, geogrid, and Flex MSE bags and plates.",Flex MSE Vegetated Slope,Flex MSE Vegetated Slope,MSE
The Flex MSE Vegetated Wall system consists of a tiered wall with an upper wall of _ meters and a lower wall of _ meters in height.,1 to 2; 2 to 2.5,1 to 2; 2 to 2.5,"4, 5"
The estimated hazard limit for slope recession extends _ meters into the backyard space behind the dwellings.,2.5 to 6,2.5 to 6,8.0
One of the primary causes of slope instability at the site was the presence of _ at the slope crest and upper portion of the slope.,Uncontrolled/un-engineered earth fill,Uncontrolled/un-engineered earth fill,fill material
The Toronto and Region Conservation Authority (TRCA) is undertaking the Peacham Crescent _ and slope stabilization project to mitigate erosion risks.,Erosion control,Erosion control,Erosion Control
"The Peacham Crescent Slope Stabilization Project follows the Class Environmental Assessment (EA) for Remedial Flood and Erosion Control Projects, amended in _.",2013,2013,2013
"The primary objectives of the project include risk mitigation, naturalization, and _ with existing infrastructure.",Compatibility,Compatibility,compatibility
Concerns regarding slope instability behind Peacham Crescent were first identified after the _ severe storm event.,"July 8, 2013",2013/07/08,"July 8, 2013"
The _ was completed in 2015 by Cole Engineering Group Ltd. to determine the extent of slope instability.,Slope Stability and Erosion Risk Assessment (SS&ERA),Slope Stability and Erosion Risk Assessment (SS&ERA),slope stability and erosion risk assessment (SS ERA)
"The Class EA for the Peacham Crescent project was officially initiated on _, with the publication of a Notice of Intent.","November 22, 2018",2018/11/22,"November 22, 2018"
The preferred slope stabilization solution determined through the EA process was the construction of a _ structure along the upper slope.,Mechanically Stabilized Earth (MSE),Mechanically Stabilized Earth (MSE),vegetated slope stabilization
TRCA’s _ Program supports proactive prevention and management of erosion hazards on public and private property.,Erosion Risk Management (ERMP),Erosion Risk Management (ERMP),Erosion Risk Management
"The project site includes three residential properties located at _, 23, and 25 Peacham Crescent in Toronto.",21,21,21
"Following the Class EA review, TRCA intends to finalize the detailed design and obtain necessary _ before implementation.",Approvals,Approvals,approvals
The German Mills Settlers Park Sanitary Infrastructure Protection Project focuses on Sites _.,2 and 3,2 and 3,"1, 2, 3, 4"
"The project is being carried out in _, within the City of Markham.",York Region,York Region,German Mills Settlers Park
"The project is funded through the York Integrated Infrastructure Protection Works Program, with a total York Region Levy of _.","$72,000",72000,"72,000"
The _ Monitoring Program has been tracking sanitary infrastructure risk along German Mills Creek since 2011.,Infrastructure Hazard,Infrastructure Hazard,Infrastructure Hazard Monitoring
"The preferred alternative identified for addressing risks was _, which was determined through a Municipal Class Environmental Assessment (MCEA) in 2018.",Channel Realignment with Pedestrian Bridge Extension,Channel Realignment with Pedestrian Bridge Extension,Mechanically Stabilized Earth (MSE) structure
"A major storm event in _ accelerated erosion at Site I-152, leading to emergency stabilization works.",2018,2018,summer 2018
TRCA retained _ in 2019 to develop detailed designs for Sites 2 and 3.,Greck & Associates,Greck & Associates,Greck Associates
Construction is tentatively scheduled to commence in _ to minimize disruption to trail users and comply with the warmwater fisheries timing window.,September 2022,September 2022,September 2022
The _ application process will be completed in Spring 2021 to ensure compliance with environmental regulations.,Fisheries Act Authorization (FAA),Fisheries Act Authorization (FAA),FAA
The estimated cost for permits and approvals for the project is _.,"$38,300",38300,"38,300.00"
The _ is responsible for the German Mills Settlers Park Sanitary Infrastructure Protection Project.,Toronto and Region Conservation Authority (TRCA),Toronto and Region Conservation Authority (TRCA),Toronto and Region Conservation Authority (TRCA)
The main purpose of the project is to prevent exposure of the _ within German Mills Creek.,Leslie Collector sewer,Leslie Collector sewer,sanitary infrastructure
The project includes a _ to protect the sanitary sewer and adjacent infrastructure.,Major channel realignment,Major channel realignment,channel realignment
"The project aims to address three high-priority hazard sites, identified as _.","I-152, P-060, P-068","I-152, P-060, P-068","I-152, P-080, and P-068"
A new _ will replace the existing trail crossing to prevent the south abutment from being outflanked.,30-meter free-span bridge,30-meter free-span bridge,bridge
The _ Permit application for the project was submitted in January 2021.,Fisheries Act Authorization (FAA),Fisheries Act Authorization (FAA),Fisheries Act Authorization
"To compensate for tree removals, a total of _ trees will be planted.",92,92,92
"To compensate for tree removals, a total of _ shrubs will be planted.",2291,2291,2291
"Construction is tentatively scheduled to begin in _, pending approval and funding.",September 2022,September 2022,September 2022
The site will be inspected _ for the first year after construction and following major storm events.,Monthly,Monthly,monthly
All machinery will be refueled at least _ meters away from the watercourse to prevent contamination.,30,30,30
"The _ has proposed remedial slope stabilization works behind 21, 23, 25, and 27 Peacham Crescent.",Toronto and Region Conservation Authority (TRCA),Toronto and Region Conservation Authority (TRCA),Toronto and Region Conservation Authority
The Peacham Crescent Slope Stabilization Project is located within the _ Watershed.,Humber River,Humber River,Humber River Watershed
"The slope stabilization project follows the Class Environmental Assessment for Remedial Flood and Erosion Control Projects, which was amended in _.",2013,2013,2013
The _ severe weather event triggered significant slumping and slope instability at the Peacham Crescent site.,"July 8, 2013",2013/07/08,"July 8, 2013"
The _ conducted a slope stability and erosion risk assessment (SS&ERA) in 2015 for Peacham Crescent.,Cole Engineering Group Ltd.,Cole Engineering Group Ltd.,Cole Engineering Group Ltd.
"There are no _ within the project limits, meaning no impact to environmentally significant areas.",Environmentally Significant Areas (ESA),Environmentally Significant Areas (ESA),environmentally significant areas (ESA)
A total of _ trees will be removed under City of Toronto guidelines.,180,180,180
A total of _ trees will be planted as compensation.,408,408,92
The primary stabilization solution involves constructing a _ retaining structure system with reinforced fill.,Two-tiered,Two-tiered,mechanically stabilized earth
The construction access road will utilize the existing _ trail from Exbury Road.,Asphalt paved,Asphalt paved,asphalt paved
"Construction is tentatively scheduled to begin in _, with completion expected by June 2022.",October 2021,October 2021,September 2022
The _ retained Shoreplan Engineering Limited to develop detailed designs for the Humber Bay Park East Major Maintenance Project.,Toronto and Region Conservation Authority (TRCA),Toronto and Region Conservation Authority (TRCA),Toronto and Region Conservation Authority
The Humber Bay Park East Major Maintenance Project is designed to improve _ and protect park infrastructure.,Shoreline stability,Shoreline stability,shoreline stability
The primary stabilization solution involves the placement of _-tonne armour stones to enhance the existing revetment structures.,2.0-4.0,2.0-4.0,3-5 tonne
"Wave overtopping is a significant concern at Humber Bay Park East, particularly during extreme storms from the _ direction.",East,East,easterly
The _ model was used to estimate wave heights and energy distribution in the design of shoreline protection measures.,SWAN (Simulating WAves Nearshore),SWAN (Simulating WAves Nearshore),numerical
The estimated total volume of additional armour stone required for Phase I is _ cubic meters.,"12,000",12000,"The estimated total volume of additional armour stone required for Phase I is 3,300 cubic meters."
"All construction activities will be conducted following the _, which regulates environmental protection during in-water work.",Fisheries Act,Fisheries Act,Environmental Protection Act
The aquatic habitat enhancement component includes placing _-mm riprap along sections of the shoreline.,300-600,300-600,300-600
The construction access route will be established along the _ trail to minimize disruption to park users.,Waterfront,Waterfront,southern
"Construction for Phase I is expected to begin in _, with completion scheduled for summer 2024.",Fall 2023,Fall 2023,November 2021
The _ retained Shoreplan Engineering Limited to provide engineering services for Phase II of the Humber Bay Park East Major Maintenance Project.,Toronto and Region Conservation Authority (TRCA),Toronto and Region Conservation Authority (TRCA),Toronto and Region Conservation Authority
The Humber Bay Park East Major Maintenance Project consists of _ phases to address shoreline erosion.,Three,3,three
The shoreline at Humber Bay Park East consists of _ headlands separated by a _ facing beach.,Two; southeast,Two; southeast,2 headlands separated by a southeast facing beach.
The _ method was used to estimate extreme water levels for the Toronto area.,Gumbel distribution,Gumbel distribution,Gumbel
The 100-year return period design water level for this project was set at _ meters above the IGLD 1985 reference.,76.2,76.2,76.2
"Wave hindcasting was conducted for the _ period from January 1, 1973, to December 31, 2018.",46-year,46-year,46-year
The two conceptual approaches to revetment remediation included a complete rebuild of the structure and _.,Supplementing the existing structures with additional armour stone,Supplementing the existing structures with additional armour stone,supplementing the existing structures with additional armour stone while leaving the existing structures in place
The estimated construction cost for Phase 1 of the Humber Bay Park East project is _.,"$5,500,000",5500000,not provided
The aquatic habitat loss due to Phase 1 construction is estimated to be _ square meters.,"2,380",2380,"2,380"
The primary stabilization method involves placing additional _-tonne armour stones to enhance the existing revetment structures.,2.0-4.0,2.0-4.0,3-5
The _ retained Shoreplan Engineering Limited to prepare detailed designs for the Humber Bay Park East Major Maintenance Project.,Toronto and Region Conservation Authority (TRCA),Toronto and Region Conservation Authority (TRCA),Toronto and Region Conservation Authority
The Humber Bay Park East Major Maintenance Project is designed to improve _ and protect park infrastructure.,Shoreline stability,Shoreline stability,shoreline
The primary stabilization solution involves the placement of _-tonne armour stones to enhance the existing revetment structures.,2.0-4.0,2.0-4.0,3-5 tonne
"Wave overtopping is a significant concern at Humber Bay Park East, particularly during extreme storms from the _ direction.",East,East,easterly
The _ model was used to estimate wave heights and energy distribution in the design of shoreline protection measures.,SWAN (Simulating WAves Nearshore),SWAN (Simulating WAves Nearshore),numerical
The estimated total volume of additional armour stone required for Phase I is _ cubic meters.,"12,000",12000,"The estimated total volume of additional armour stone required for Phase I is 3,300 cubic meters."
"All construction activities will be conducted following the _, which regulates environmental protection during in-water work.",Fisheries Act,Fisheries Act,Canadian Environmental Protection Act
The aquatic habitat enhancement component includes placing _-mm riprap along sections of the shoreline.,300-600,300-600,300-600
The construction access route will be established along the _ trail to minimize disruption to park users.,Waterfront,Waterfront,southern
"Construction for Phase I is expected to begin in _, with completion scheduled for summer 2024.",Fall 2023,Fall 2023,November 2021
The _ retained Shoreplan Engineering Limited to prepare detailed designs for Phase II of the Humber Bay Park East Major Maintenance Project.,Toronto and Region Conservation Authority (TRCA),Toronto and Region Conservation Authority (TRCA),Toronto and Region Conservation Authority
The primary stabilization solution involves the placement of _-tonne armour stones to enhance the existing revetment structures.,2.0-4.0,2.0-4.0,3-5 tonne
The _ model was used to estimate wave heights and energy distribution in the design of shoreline protection measures.,SWAN (Simulating WAves Nearshore),SWAN (Simulating WAves Nearshore),numerical
The estimated total volume of additional armour stone required for Phase II is _ cubic meters.,"12,000",12000,3300
The aquatic habitat enhancement component includes placing _-mm riprap along sections of the shoreline.,300-600,300-600,300-600
The construction access route will be established along the _ trail to minimize disruption to park users.,Waterfront,Waterfront,southern
The estimated construction cost for Phase II is _.,"$5,500,000",5500000,Not provided in the text.
"Construction for Phase II is expected to begin in _, based on funding and approvals.",Late Spring 2023,Late Spring 2023,late spring early summer of 2023
The project is focused on reinforcing shoreline stability and reducing risks from _.,Erosion and wave action,Erosion and wave action,erosion and slope instability
"All construction activities will be conducted in compliance with the _, ensuring protection of the aquatic habitat.",Fisheries Act,Fisheries Act,Erosion and Sediment Control Plan
The Toronto and Region Conservation Authority (TRCA) partners with the Regional Municipality of _ to implement emergency maintenance for sanitary protection works.,York,York,York
One of the key issues identified in the German Mills Settlers Park project is that creek _ and migration is at risk of exposing sanitary infrastructure.,Erosion,Erosion,erosion
"The proposed solutions for erosion control at Peacham Crescent include repair in place, channel realignment, and channel realignment with _ extension.",Bridge,Bridge,sewer
"The detailed design development for the German Mills project was planned to take place in _, following the issuance of the Notice of Completion.",2019,2019,2021
The Class Environmental Assessment process being conducted for Peacham Crescent follows Schedule _ of the Municipal Class EA framework.,B,B,Schedule B
One of the proposed project concepts at German Mills Park includes shifting the _ alignment underneath the pedestrian bridge to reduce meander angle.,Channel,Channel,creek
A significant limitation for the Peacham Crescent project is that implementation depends on the availability of _ and necessary approvals.,Budget,Budget,funding
A geomorphic study conducted in _ identified the need for a channel realignment as a long-term strategy for sanitary infrastructure protection.,2015,2015,2015
"In 2018, storm events exposed the _ sewer adjacent to German Mills Creek, leading to the need for emergency maintenance.",Sanitary,Sanitary,sanitary
The City is responsible for funding capital and maintenance costs for city-owned assets such as the _ and trail components.,Bridge,Bridge,sanitary sewer
The Humber Bay Park East Shoreline Maintenance Project focuses on protecting the shoreline along the north shore of _.,Lake Ontario,Lake Ontario,Lake Ontario
"The Toronto and Region Conservation Authority (TRCA) owns the land at Humber Bay Park, but the _ is responsible for its maintenance and administration.",City of Toronto,City of Toronto,City of Toronto
"The project is divided into three phases, with Phase I focusing on the _ Armourstone Headland.",Eastern,Eastern,Eastern
The Humber Bay Park shoreline structures were built in the early _ and are now in various states of disrepair.,1980s,1980s,1980s
The Environmental Risk Management Program (ERMP) has monitored the park’s shoreline erosion control structures since _.,2006,2006,2006
The western armourstone headland (WF11.10) has a structural stability rating of _ due to material displacement and voids forming between stones.,Failing,Failing,failing
"A major cause of shoreline instability at Humber Bay Park is _, which has led to the displacement of stones and scouring along the backshore.",Wave overtopping,Wave overtopping,wave overtopping
Phase I of the project includes the placement of _-tonne armour stones to strengthen the shoreline and prevent further erosion.,2-4,2-4,2-4
The project’s restoration efforts include planting at least _ trees to compensate for the removal of existing vegetation.,327,327,92
"Construction for Phase I is scheduled to begin in _, with completion expected by Spring 2023.",November 2021,November 2021,mid-November 2021
The _ retained Shoreplan Engineering Limited to provide engineering services for Phase II of the Humber Bay Park East Major Maintenance Project.,Toronto and Region Conservation Authority (TRCA),Toronto and Region Conservation Authority (TRCA),Toronto and Region Conservation Authority
The Humber Bay Park East Shoreline Maintenance Project focuses on protecting the shoreline along the north shore of _.,Lake Ontario,Lake Ontario,Lake Ontario
The project has been divided into _ phases to address different areas of shoreline erosion and maintenance needs.,Three,3,three
"Phase II focuses on repairs to the _, which has been classified as 'failing' due to material displacement and scouring.",Western Armourstone Headland (WF11.10),Western Armourstone Headland (WF11.10),western armourstone headland
The Humber Bay Park shoreline structures were built in the early _ and have since deteriorated due to extreme weather events.,1980s,1980s,1980s
The Environmental Risk Management Program (ERMP) has monitored the park’s shoreline erosion control structures since _.,2006,2006,2006
"A major cause of shoreline instability at Humber Bay Park is _, which has led to the displacement of stones and scouring along the backshore.",Wave overtopping,Wave overtopping,wave overtopping
The primary stabilization solution for Phase II includes placing _-tonne armour stones to enhance the existing revetment structures.,2-4,2-4,3-5 tonne
The pond outlet area will be rehabilitated using an _ berm to formalize drainage and protect the adjacent shoreline.,Armourstone,Armourstone,armourstone
Construction for Phase II is scheduled to begin in _.,Late Spring 2023,Late Spring 2023,late spring early summer of 2023
Humber Bay Park is a waterfront park located at the mouth of _ on the north shore of Lake Ontario.,Mimico Creek,Mimico Creek,Humber River
"The park consists of two peninsulas, Humber Bay Park East and _, which extend into Lake Ontario.",Humber Bay Park West,Humber Bay Park West,Humber Bay Park West
The Toronto and Region Conservation Authority (TRCA) has monitored the park’s erosion control structures through the _ program since 2006.,Erosion Risk Management Program (ERMP),Erosion Risk Management Program (ERMP),Erosion Management
"The western armourstone headland (WF11.10) is currently classified as in overall _ condition, but with a structural stability rating of 'failing.'",Fair,Fair,fair
The comprehensive assessment of TRCA-owned shoreline erosion control structures was conducted by _ Engineering Limited in 2016.,Riggs,Riggs,Cole Engineering Group Ltd.
The Humber Bay Park erosion control structures were originally built in the early _ to protect the shoreline from erosion.,1980s,1980s,1980s
"A major source of shoreline damage at Humber Bay Park was the _ windstorm event on April 14-15, 2018.",High lake level,High lake level,April 14-15
"The baseline environmental inventory found that the most common fish species in the area include Alewives, White Suckers, and _.",Rainbow Smelt,Rainbow Smelt,Rainbow Smelt
The concept designs for erosion control structures at Humber Bay Park were developed using a design water level of _ meters above sea level.,75.8,75.8,76.2
The _ at the eastern extent of WF11.10 will help manage drainage from the park’s pond into Lake Ontario.,Armourstone berm,Armourstone berm,berm
The Toronto and Region Conservation Authority (TRCA) has an Erosion Risk Management Program (______) that monitors erosion and slope instability.,ERMP,ERMP,ERMP
TRCA's Erosion Risk Management Program monitors erosion and slope instability within TRCA's ______.,jurisdiction,jurisdiction,jurisdiction
A geotechnical engineer may conduct a formal investigation if signs of ______ erosion are detected.,accelerated,accelerated,accelerated
A Class EA report is made available at TRCA Head Office and ______ of the Toronto Public Library for the duration of the thirty day review period.,Black Creek Branch,Black Creek Branch,Black Creek Branch
"The first CLC meeting was hosted by TRCA on March 7, 2019 at TRCA's Head Office located at ______ Avenue in the City of Vaughan.",101 Exchange,101 Exchange,101 Exchange Avenue
"TRCA issued a Notice of Intent on April 19, ______ to invite public review and comment on the planning and design for the proposed infrastructure protection works in German Mills Settlers Park.",2018,2018,2021
"A Public Information Centre (PIC) meeting was held on Tuesday, May 29th from 6-7pm in the ______ Community Centre Library Meeting Room.",Thornhill,Thornhill,German Mills
Comments regarding the German Mills Settlers Park Sanitary Infrastructure Protection Project were received until ______ for inclusion within the Project File.,"June 29th, 2018",2018/06/29,"March 2, 2018"
The Project File for the German Mills Settlers Park Sanitary Infrastructure Protection Project will be completed in the ______ of 2018.,summer,summer,March
"TRCA received responses from Conseil de la Nation Huronne-Wendat, Mississaugas of the New Credit First Nation, and ______ regarding the German Mills Settlers Park Sanitary Infrastructure Protection Project.",Mississaugas of Scugog First Nation,Mississaugas of Scugog First Nation,Six Nations of the Grand River First Nation
A Stage 1-2 Archaeological Assessment was completed for the German Mills Settlers Park Sanitary Infrastructure Protection Project in ______.,2017,2017,2018
"The most recent fish survey completed by the TRCA in 2011 observed ______, White Suckers, Longnose Dace, Creek Chub, and Blacknose Dace.",Fathead Minnows,Fathead Minnows,Alewives
TRCA has a Level III agreement with ______ to review projects under Section 35(1) of the Fisheries Act.,Fisheries and Oceans Canada (DFO),Fisheries and Oceans Canada (DFO),DFO
TRCA provides its member municipalities with advice on issues related to ______ and natural heritage for applications made pursuant to the Planning Act.,natural hazards,natural hazards,planning
"The policies contained in TRCA's Valley and Stream Corridor Management Program, the Provincial Policy Statement, the Oak Ridges Moraine Conservation Plan, the Niagara Escarpment Plan, and the ______ , along with other applicable legislation, provide the basis for TRCA staff review and comment.",Greenbelt Plan,Greenbelt Plan,Toronto and Region Remedial Action Plan
TRCA staff routinely review ______ applications to ensure TRCA's policy and program objectives are considered through the land use planning process.,Official Plan Amendment and Site Plan,Official Plan Amendment and Site Plan,development
"Master Environmental Servicing Plans (MESPs) ensure that the form and layout of new development is viewed in a broad context, rather than as individual properties considered in ______ of the larger system.",isolation,isolation,isolation
TRCA has developed a ______ to clearly define the review and approval process associated with removing in-stream blockages.,Debris Jam Clearance Protocol,Debris Jam Clearance Protocol,policy
The maximum validity of a permit issued by TRCA is ______ months.,24,24,24
TRCA offers a Solicitor Realty Inquiry service to assist potential ______ of property.,buyers,buyers,purchasers
"A Property Inquiry may be warranted when a proposal does not require approval under the Planning Act or a TRCA permit, but does require a municipal ______.",building permit,building permit,license
"The Living City Policies (LCP) is intended to be read in its entirety and all relevant policies are to be applied to each situation. The policies for advocacy (Section 6), planning (Section 7) and ______ (Section 8) are set out separately.",regulation,regulation,development (Section 8)
"The principles, goals, and objectives in the LCP reflect the intent of the policies and should be considered in any ______ of the policies.",interpretation,interpretation,application
"TRCA will work towards supporting municipal partners to conform to the province's ______ by creating a ""culture of conservation"".",Growth Plan,Growth Plan,natural heritage policies
"TRCA will ensure that applicants and approval authorities are aware of any Section ______ Regulation requirements under the Conservation Authorities Act, where applicable.",28,28,28.
"TRCA's comments typically relate to the PPS sections on natural heritage, natural hazards, and ______.",water,water,water management
The checklists and technical guidelines produced by TRCA should be consulted in preparation of all ______ applications and all supporting studies accompanying an application.,"permit, planning and Environmental Assessment","permit, planning and Environmental Assessment",planning
The Toronto and Region Conservation Authority (TRCA) has a Level ___ agreement with Fisheries and Oceans Canada (DFO) that allows it to review projects under Section 35(1) of the Fisheries Act.,III,III,Level 1
